346752,2993520,0.12688720,2358646449,711
346753,2370376,0.15346359,2636476877,1061
346754,2996824,0.26452481,3444815843,1827
346755,3999580,0.14808325,1208267322,792
346756,994616,0.03761191,4144704427,272
346757,1012,0.00000000,909772869,1
346758,1958388,0.11601605,1748312155,896
346759,588860,0.02448607,405401480,212
346760,3172800,0.17406362,3116827432,1252
346761,1502780,0.09946966,3937288777,669
346762,1223904,0.07537121,1781090586,559
346763,2996544,0.18888996,887781411,1137
346764,757704,0.02365698,248758793,314
346765,1648712,0.10172568,1534181081,705
346766,982916,0.05603798,4159707557,387
346767,331300,0.01782112,1742613657,127
346768,2896844,0.21427038,335008288,918
346769,808752,0.05075578,857643798,370
346770,2845592,0.16830958,385278231,1252
346771,408072,0.02274955,664695479,169
346772,309744,0.02125279,2932496351,186
346773,640168,0.05236124,891348624,367
346774,2996232,0.22537179,3757614782,1700
346775,3988812,0.26163450,2770955795,1736
346776,2996500,0.20177545,1985467629,1275
346777,2764728,0.12564766,706092722,1147
346778,2273468,0.11668605,2389593043,795
346779,1076028,0.06238154,3289699865,492
346780,2825208,0.18875172,1803474290,1141
346781,604596,0.05344009,496146943,379
346782,2685804,0.16013067,3128064371,1065
346783,3999640,0.28452511,2786039219,1861
346784,585920,0.05109845,2595665724,314
346785,659488,0.06280679,2819305518,512
346786,2996192,0.11837952,3587181625,947
346787,2517448,0.10724024,1619041577,817
346788,790124,0.06950938,4083470149,493
346789,2337256,0.10696785,3239627619,797
346790,491968,0.01951216,48582191,156
346791,87036,0.01018340,980642440,64
346792,506908,0.01523080,3468563295,124
346793,1943504,0.11676476,1835127515,839
346794,2559240,0.14356576,200840320,1053
346795,1033320,0.05188133,611346264,387
346796,258204,0.00360457,3525667955,40
346797,508472,0.03811403,94155472,264
346798,338856,0.02003909,121340625,173
346799,390724,0.01750525,3774115568,183
346800,747128,0.01079822,3492194449,90
346801,927256,0.05400642,2019193374,430
346802,1149200,0.04870624,2886254508,357
346803,2409796,0.13330237,438620069,1001
346804,1079664,0.07057150,4140514351,493
346805,97796,0.00184736,3623695800,30
346806,1978692,0.12325720,831547222,973
346807,389696,0.02300103,3384446186,201
346808,950784,0.05146223,3344052241,389
346809,123724,0.00521525,96167030,60
346810,1276672,0.07155240,1399799294,510
346811,848472,0.03945169,3473748223,312
346812,2829228,0.11036381,1694713108,772
346813,326228,0.02840483,53456957,218
346814,594120,0.06574271,3736249673,512
346815,2996512,0.13087927,2710195686,871
346816,1676728,0.07665788,2459127459,675
346817,745020,0.04616991,1436011394,323
346818,2043288,0.13027392,897904547,886
346819,745956,0.03812060,269901444,274
346820,1570120,0.08476403,2506935017,683
346821,1381376,0.10271565,1878552782,513
346822,581720,0.02896291,2797760881,194
346823,816,0.00000000,2764578366,1
346824,384668,0.04895089,363832075,256
346825,1597844,0.15352375,229007147,788
346826,2989312,0.16324330,2755223538,1012
346827,1586856,0.08413046,1692197450,545
346828,693040,0.07154670,4229544107,512
346829,1961236,0.09292625,1104371727,663
346830,2556140,0.14398910,2403173152,1074
346831,1079528,0.05444093,2289921454,407
346832,1141740,0.06142564,2010204091,420
346833,623684,0.02693761,3729184393,210
346834,1092152,0.05236081,514352919,350
346835,399680,0.01652706,3289407822,140
346836,177056,0.00505000,3770516305,64
346837,2996584,0.28726671,2373001835,1318
346838,575268,0.05416515,4240516707,297
346839,1393936,0.09135093,117174365,622
346840,2975456,0.08473075,1084178826,576
346841,727932,0.06469419,2987551065,437
346842,2362840,0.11406228,3463276337,849
346843,175964,0.02229577,181748074,128
346844,1383004,0.04094379,2082325185,354
346845,2790068,0.20116245,1441360038,1298
346846,2145336,0.08642925,2069348966,759
346847,2996880,0.21114170,30996938,1413
346848,2520568,0.15119765,4136002588,937
346849,179032,0.01550662,996163442,128
346850,1338096,0.04826324,3109875393,440
346851,2996756,0.26065133,4287519072,1976
346852,597264,0.07154821,1233910317,512
346853,3999200,0.18923280,4101472306,1331
346854,1745032,0.06135011,2406778264,569
346855,223712,0.00801361,3150003950,98
346856,2352320,0.14864204,2082964305,1024
346857,2996112,0.20645414,3404497883,1300
346858,1971880,0.08869719,936911222,740
346859,3596904,0.30738448,3021208780,2310
346860,2996376,0.13770118,56833454,1120
346861,3550992,0.23572404,1354273195,1578
346862,1583428,0.09297085,4011834772,621
346863,2585044,0.17483721,1256216338,1221
346864,2996612,0.21290080,542538309,1544
346865,207012,0.01428587,1812269492,36
346866,3596620,0.28237381,881397749,2027
346867,3716980,0.13139603,2557985108,1055
346868,3999832,0.32312661,792810247,2116
346869,2996356,0.22014475,4190515024,1662
346870,2996640,0.13110291,770776499,853
346871,2274508,0.15176669,1509237797,893
346872,3456028,0.18318989,3076544314,905
346873,1865104,0.05987443,1810841494,219
346874,1008,0.00000000,455399541,1
346875,2896524,0.13381468,2425755868,723
346876,1975260,0.10739745,198163373,679
346877,2107600,0.11520664,3091489282,877
346878,1355784,0.16135094,4103937559,1024
346879,1309768,0.11599413,243771063,769
346880,2996728,0.29546873,2578163878,2390
346881,2996232,0.26534962,3904757106,1942
346882,2996764,0.22704127,2553438242,1596
346883,3596640,0.18075234,3045075864,1319
346884,2359952,0.07660724,2817731853,423
346885,3596128,0.22980436,3426330266,1407
346886,490924,0.04402797,885413213,224
346887,2996744,0.14190284,2629343537,789
346888,3603244,0.35003654,427641218,1422
346889,3999836,0.42854957,1499388392,1182
346890,3999260,0.19407290,3680137307,1646
346891,2067876,0.10101323,3576442465,986
346892,799972,0.04679743,2665528595,285
346893,366424,0.01158674,2211266409,109
346894,2996932,0.26539894,2635747339,1577
346895,1151848,0.04793093,666638169,383
346896,2088400,0.19147466,1170825787,1019
346897,2996912,0.26597694,4100244952,1910
346898,2996080,0.19171254,278660383,1013
346899,729792,0.06426188,3869828599,443
346900,920,0.00000000,279429655,1
346901,196568,0.02407305,1647560459,210
346902,2996316,0.17555141,3505794449,1297
346903,2996732,0.17461977,3215321327,1484
346904,1166460,0.06343964,378222980,501
346905,2507792,0.10956111,32729038,508
346906,2996160,0.19954914,2075187533,1476
346907,2996504,0.10356407,1441563352,365
346908,2996172,0.16574228,2569927209,1104
346909,2453888,0.11268025,1230981171,638
346910,3999844,0.27259856,2879209940,1788
346911,1659724,0.10214859,1424564466,793
346912,1152856,0.06416832,2884404238,510
346913,399744,0.01366884,326068668,108
346914,1517248,0.07236813,1050717109,548
346915,838124,0.07261882,1895284910,512
346916,387856,0.02370054,337435220,123
346917,2996916,0.18755759,56407121,1392
346918,1780332,0.05920367,3925717064,409
346919,592976,0.02098574,1585883450,171
346920,404716,0.02840696,515415543,256
346921,1428356,0.05423088,839792423,323
346922,824976,0.07585267,1174551176,469
346923,3582624,0.19810270,3522678741,1386
346924,454972,0.04205525,1110991263,223
346925,2863188,0.11276849,3890196136,708
346926,1735668,0.08290418,571629713,596
346927,2344540,0.14037249,3759669271,760
346928,1030520,0.04481561,1680887874,294
346929,3999428,0.56569269,2560557828,2996
346930,394680,0.01994659,1645797899,115
346931,2996624,0.19217850,401572086,1686
346932,2137984,0.11470870,2875035752,732
346933,2996632,0.12502504,2252438707,780
346934,1110232,0.16077830,314341824,1024
346935,2996616,0.17026208,2957138490,1512
346936,3999208,0.15908930,422324125,1005
346937,2996504,0.09961612,2232460151,429
346938,3988720,0.24281073,1713626069,1549
346939,3596724,0.11290283,1523075248,307
346940,2996664,0.21577859,1791860156,1235
346941,885972,0.06055001,3183150821,512
346942,2996908,0.12136633,872165042,583
346943,1979580,0.03814387,3516375628,343
346944,257400,0.00156000,2034942626,30
346945,3956268,0.08596013,233662289,820
346946,810564,0.04407064,3965130140,318
346947,2726912,0.12794670,3623352798,1111
346948,1190032,0.06988549,1630515411,511
346949,725876,0.03888524,1572015144,309
346950,1970404,0.13670395,4082115023,974
346951,3797244,0.24260796,1680958051,1860
346952,2027436,0.12564923,3272627663,899
346953,2996660,0.42425793,2675704721,1380
346954,498464,0.03226893,629311488,256
346955,291240,0.00652466,166366092,43
346956,1158308,0.03876957,1450600849,334
346957,241284,0.00203346,3455956096,34
346958,1714180,0.10421375,197426302,689
346959,1145556,0.05773570,2696610220,473
346960,2172992,0.13348536,160358932,1020
346961,2996636,0.22581487,710102353,1704
346962,247328,0.00554599,982883350,15
346963,2769352,0.13890673,482537881,994
346964,358788,0.00784692,3948354569,71
346965,775156,0.06613502,1049848974,512
346966,285968,0.00731780,1693601585,42
346967,1929852,0.10256595,3962542324,857
346968,306560,0.00606608,3021631170,113
346969,1842708,0.10868768,680807091,793
346970,1116844,0.06426780,2822582763,534
346971,758700,0.04959024,2374930265,337
346972,302992,0.00823850,3681140324,129
346973,379488,0.01074926,2283582516,142
346974,130584,0.02703107,3739993402,36
346975,2996892,0.22215945,1130222161,1444
346976,2996800,0.19276065,281406416,1223
346977,205108,0.01302874,1021627021,105
346978,2996472,0.27550815,3575979204,1874
346979,2996724,0.13754584,2765568272,695
346980,2342868,0.09338680,1522314132,1037
346981,500172,0.01803989,4123100846,154
346982,1219156,0.08707134,720068653,634
346983,703276,0.02991477,1038040580,262
346984,2996300,0.26178345,2485753024,1893
346985,2996600,0.18399352,3005694259,1261
346986,989812,0.04635381,3317925009,515
346987,2688396,0.15464598,4259845150,1035
346988,1305280,0.07886002,3422138573,547
346989,772036,0.06033679,1727933651,512
346990,957424,0.03735162,682975759,300
346991,124328,0.00547985,3245104299,53
346992,473500,0.03401196,478236149,250
346993,612796,0.03887103,7968005,278
346994,340788,0.03417406,2317198359,256
346995,2597124,0.15446443,2638679681,1040
346996,2996160,0.23015047,1748435934,1548
346997,956868,0.03798237,3751714180,324
346998,170068,0.00524846,118324628,71
346999,1223852,0.06906705,3027876967,474
347000,340220,0.01761367,1418746034,122
347001,487996,0.04036536,994876874,286
347002,1360800,0.11402000,3859897649,632
347003,1036752,0.07805543,146046186,570
347004,1049732,0.07561797,304469151,590
347005,1427312,0.11060222,3242007699,760
347006,964748,0.06048369,2897434962,470
347007,1582132,0.09498263,34912279,739
347008,581068,0.05875675,124009994,364
347009,3029684,0.19925988,2105559926,1522
347010,1035732,0.04451830,2861308097,494
347011,370620,0.01131512,2357647154,108
347012,2621524,0.16118990,896230025,1089
347013,732660,0.03604765,2832523090,261
347014,411412,0.03596770,3176351929,193
347015,465332,0.02195084,245912761,192
347016,409212,0.02497842,2099126779,200
347017,2778672,0.17442565,3909819561,1359
347018,1249084,0.07404818,3322429194,476
347019,1046056,0.08063780,3655966480,431
347020,823716,0.04424535,4039669910,351
347021,3596240,0.28760630,9310331,2051
347022,3581824,0.19748499,214877262,1648
347023,2996868,0.26130464,3392438952,1968
347024,2996932,0.17623088,4089572129,1171
347025,1008,0.00000000,524157116,1
347026,3988408,0.28311938,1563883634,1990
347027,2996308,0.21871105,2319099973,1605
347028,2996044,0.09782913,3097847250,710
347029,1516420,0.06016084,4175498989,636
347030,2563964,0.18275171,2319171864,1170
347031,2996004,0.21003624,1322957941,1407
347032,674076,0.01992977,512621361,162
347033,3999440,0.30210917,1792981966,2042
347034,1624024,0.07301389,2227748223,554
347035,711252,0.05021968,687773357,382
347036,2996668,0.39062059,3775316935,2557
347037,1139120,0.13438867,3082856497,490
347038,3396660,0.18629984,167927818,1402
347039,3162708,0.14000551,3023831884,773
347040,816,0.00000000,1315621615,1
347041,2101596,0.08515192,2378643572,891
347042,2952236,0.21838841,4278147418,1393
347043,565232,0.02920629,1138262041,219
347044,463484,0.02010608,3964086224,151
347045,1526420,0.09558486,2007015528,638
347046,1338448,0.07096379,3265389060,502
347047,168840,0.01221156,1618946007,128
347048,892800,0.03930155,3580759729,306
347049,407704,0.01358493,1751145511,87
347050,434648,0.01686054,2678450502,132
347051,721708,0.06341194,834321909,512
347052,1068916,0.15988833,2163674743,214
347053,2329096,0.14345165,1339450258,1206
347054,2298064,0.14142741,2629750768,998
347055,720600,0.03894219,2287453896,268
347056,672800,0.06310382,1001287047,512
347057,2342376,0.10662419,4245899621,665
347058,618424,0.02501320,2585462376,219
347059,1040744,0.05951529,4243411115,418
347060,1110244,0.06380490,457985685,494
347061,1375284,0.07646466,114293000,544
347062,262324,0.01515246,947974276,129
347063,1630348,0.09602481,1980260694,686
347064,1065256,0.06264015,2784979989,513
347065,2683128,0.15491927,3991282044,957
347066,2555280,0.16108882,3670031491,1201
347067,1244176,0.06886592,3993796160,432
347068,1408868,0.08305870,399784927,616
347069,712348,0.04016791,1397993968,359
347070,2235068,0.14782771,3151119497,1111
347071,2490904,0.17072180,3555072924,1112
347072,1119932,0.07620883,2901292487,533
347073,282880,0.01745328,998696205,137
347074,8824,0.00047689,435188242,6
347075,2916812,0.19016241,937488716,1474
347076,1333536,0.09820140,437022387,763
347077,113744,0.00437009,519537251,56
347078,67900,0.00848869,2723595419,43
347079,689172,0.04636210,3773839687,337
347080,832084,0.04760206,3015685029,391
347081,644920,0.05124099,2743042714,339
347082,358244,0.01741493,3083382454,129
347083,2422816,0.16827689,619178006,1253
347084,2996244,0.19282448,3253860378,1482
347085,482364,0.02997688,2368363365,214
347086,2910588,0.18068519,73287008,1360
347087,438908,0.03275330,303931395,250
347088,100980,0.00290617,100833749,43
347089,1033012,0.05759917,1912829910,411
347090,456368,0.03870892,190814713,269
347091,1328548,0.07072020,2218550201,580
347092,1987404,0.13727752,1775870757,898
347093,129712,0.00842504,3656476420,56
347094,312844,0.02015128,2736329491,120
347095,208556,0.01312739,2382477236,92
347096,280732,0.01487312,544988499,127
347097,1171520,0.06903018,2612126148,483
347098,2951612,0.18784210,3597560226,1255
347099,589872,0.03793221,3128771524,287
347100,925912,0.02924458,1131850935,198
347101,1194488,0.06313182,92525387,393
347102,622900,0.04301865,682263878,315
347103,204740,0.01592673,3990363221,128
347104,3999364,0.27171857,3491243096,1796
347105,3759588,0.23230920,2910420459,1871
347106,1735960,0.09878364,2617947539,750
347107,347200,0.01205710,3336648062,124
347108,1089680,0.06944633,3957264340,501
347109,310136,0.01969960,3427302447,152
347110,734640,0.03574254,112216119,256
347111,2548252,0.16048141,3980414096,1107
347112,1309664,0.08133552,3163979821,613
347113,1018956,0.05383165,367656739,390
347114,807124,0.06294047,255433837,512
347115,1598336,0.06792122,591198658,431
347116,737056,0.03869459,3932109623,318
347117,1331744,0.07139390,3054597931,484
347118,1190800,0.05646812,4060575025,403
347119,386488,0.03028394,1551073196,256
347120,1373996,0.05280773,2722838352,308
347121,878732,0.04228783,3448955101,280
347122,857200,0.06803614,1182934407,512
347123,417708,0.01511081,1720970715,58
347124,2656220,0.10741527,2451034444,585
347125,828,0.00000000,1269849665,1
347126,1745620,0.09930276,1790742312,667
347127,1779608,0.09139633,2853946459,559
347128,2506272,0.16128699,2509051807,937
347129,632892,0.03718395,3918994139,284
347130,90340,0.01826767,501095811,60
347131,2529000,0.12342470,3932718784,844
347132,3728664,0.21871506,129706643,1477
347133,712132,0.04129271,3997172206,261
347134,447452,0.02637295,1554807410,208
347135,502820,0.02934397,2005856679,165
347136,69352,0.00418824,4091738938,41
347137,113908,0.00773738,2022240935,45
347138,509804,0.03670660,869016195,228
347139,622960,0.06967100,2152569496,377
347140,2875204,0.13206924,46878223,957
347141,627600,0.07543932,2442485171,512
347142,3999204,0.28671675,4106247610,2206
347143,2996204,0.08564188,1451824169,538
347144,726848,0.03771172,1149116650,315
347145,2996404,0.22811550,3423008058,1709
347146,2996696,0.13801245,3697626646,699
347147,1273104,0.04151757,2946426211,392
347148,92608,0.02415109,3225741502,37
347149,2996180,0.17544554,384073474,1332
347150,2072720,0.11566205,1832996970,850
347151,565656,0.03179990,4171750241,241
347152,1768584,0.10853148,1944397639,632
347153,674344,0.03165285,2337025568,230
347154,2136440,0.12455488,1553165890,755
347155,2996956,0.22231669,1328109406,1592
347156,2618676,0.08303686,1393151062,618
347157,1458440,0.08728198,158449310,634
347158,2470480,0.15305664,1211628417,1012
347159,421724,0.01648989,875858420,134
347160,499776,0.01578615,1714608563,118
347161,2171216,0.12682816,3249461021,932
347162,3956528,0.23308586,2239953176,1574
347163,1061216,0.03056690,3775711307,74
347164,816,0.00000000,761267098,1
347165,81096,0.01261092,1277301057,64
347166,937492,0.04635670,1678904425,399
347167,2996308,0.25566988,2874364366,1293
347168,2616012,0.15791880,1098622891,1002
347169,2147740,0.10943789,3578089633,983
347170,1778780,0.08245469,1926419580,536
347171,529344,0.07248749,2871540066,512
347172,2996244,0.14973108,854854860,1025
347173,3999420,0.22968578,1238527946,1501
347174,1311072,0.04530080,4259557578,500
347175,1415584,0.08402743,1565146521,623
347176,1208168,0.06237703,3378787136,432
347177,3999800,0.26427011,2215039838,1836
347178,3999532,0.25123028,4035571770,1542
347179,2197940,0.08048967,3091929859,641
347180,719504,0.02778283,3596823329,206
347181,1623608,0.08255197,2900168201,580
347182,1706012,0.09496727,111914728,628
347183,2432072,0.14247498,408308297,990
347184,2240352,0.13483708,2976930912,900
347185,2187984,0.13901656,3972454090,898
347186,1739336,0.10372470,656308326,859
347187,2996252,0.26974442,1280250451,2016
347188,3158748,0.11081916,1952821476,537
347189,271128,0.00590594,4089124653,70
347190,1258368,0.06696787,2288758210,473
347191,688852,0.04773895,4294875280,323
347192,906564,0.06848201,2645168609,512
347193,1383024,0.59812889,4079972722,216
347194,576060,0.04393160,1903637981,331
347195,165948,0.00259534,3752861628,39
347196,3999524,0.32271168,34356612,2313
347197,3988844,0.17387606,3315721621,906
347198,2379236,0.11382935,3953095315,979
347199,2996564,0.20943998,1916059647,1546
347200,3964568,0.15857008,1328863576,990
347201,2996788,0.22413186,2519779745,1614
347202,2578792,0.10843154,1459431504,665
347203,1300264,0.09403825,2472945035,660
347204,2996220,0.40320197,2379846232,1643
347205,2420364,0.10960950,2041271635,741
347206,1919068,0.13393477,1640572022,865
347207,1580236,0.07256114,3885457586,457
347208,428596,0.03674865,1213338431,203
347209,1012,0.00000000,3460454737,1
347210,2194288,0.10492843,3269071924,820
347211,786668,0.04287063,1640747450,279
347212,607172,0.01792620,1579397411,110
347213,1904116,0.12142289,1643820809,852
347214,2996212,0.28155769,3696038196,2190
347215,3999860,0.18909409,3763348208,1082
347216,557740,0.02748487,4118561666,243
347217,2013944,0.09177034,3483461276,848
347218,595008,0.08551504,3617247536,512
347219,2996480,0.16978459,1956831028,1200
347220,1370656,0.04124530,2714953486,340
347221,1388076,0.09667397,1055130444,607
347222,2812768,0.18348311,1135772603,1307
347223,787640,0.07945651,2237868526,455
347224,2996792,0.20772923,1956713422,1458
347225,2113692,0.08758966,1002590534,617
347226,856040,0.07005520,1576608410,512
347227,2279568,0.10126904,331021480,613
347228,799508,0.04673584,762087027,304
347229,3767424,0.16237268,879788058,1020
347230,230676,0.00568220,3482544778,67
347231,2739068,0.06019743,525973426,386
347232,3488112,0.24643103,1923703801,1528
347233,2996492,0.21022274,714185299,1469
347234,2996328,0.23614190,2115411961,1500
347235,3956444,0.07067423,3273589264,191
347236,2996812,0.11187456,3111516535,581
347237,3999464,0.17868737,2425890613,1402
347238,2991908,0.07518279,2647511010,416
347239,2981216,0.03497262,1015666625,153
347240,2949008,0.12097390,2257419669,720
347241,171724,0.00776404,3914419759,59
347242,91148,0.00501013,4222906702,44
347243,3854760,0.09131549,523472286,561
347244,2996728,0.19968042,2372788803,1206
347245,3999900,0.20540014,2629023665,1398
347246,2986704,0.04194990,2211031099,325
347247,2809232,0.16307232,1881683789,1144
347248,2957368,0.04472712,2156057049,206
347249,2727176,0.10528035,4032681817,689
347250,3963120,0.15630222,221097872,997
347251,3999608,0.29164000,3416092122,1962
347252,716184,0.06160258,515391204,512
347253,2996448,0.18277565,572231440,1185
347254,2949784,0.07720014,3686680611,496
347255,2920972,0.08752210,3175375047,566
347256,3832768,0.13360584,2205981136,882
347257,1096080,0.02365656,2348047110,150
347258,1346392,0.08269653,476140972,543
347259,298780,0.00965644,52477587,119
347260,1999336,0.11631064,2461085304,766
347261,550320,0.03693771,1390825348,305
347262,350856,0.02388482,2390956620,256
347263,2956376,0.06460264,3871343648,587
347264,1500136,0.09436698,50025563,692
347265,556028,0.02775090,3371447959,192
347266,399680,0.01960143,869172734,139
347267,645724,0.04000572,1993280512,260
347268,1488484,0.09139214,3425247532,700
347269,905040,0.06048452,1377135886,383
347270,240748,0.00358998,232715734,91
347271,1125420,0.07567399,811690331,447
347272,2682940,0.18935769,1271199990,1320
347273,2996752,0.21603881,3753514418,1567
347274,250612,0.00810518,549300638,70
347275,1590176,0.07967775,371940326,594
347276,399488,0.02715462,1986710192,163
347277,2996564,0.18604198,3647255045,1417
347278,861836,0.03368113,2630505629,347
347279,634188,0.04317442,156010309,259
347280,1346164,0.08095078,4111908581,680
347281,2344260,0.17996105,926579707,1221
347282,1066956,0.02858478,277591887,316
347283,2630840,0.17289951,3131706739,961
347284,488264,0.05412088,1698304356,265
347285,148248,0.01272781,1132808483,128
347286,3097640,0.17152016,3579867521,1151
347287,3956580,0.27548530,2410647016,2086
347288,2866540,0.16431049,3295575015,1203
347289,1599992,0.09363614,2899136609,657
347290,49024,0.00179350,3591189393,31
347291,1942452,0.20903397,376493948,1329
347292,3535496,0.16615580,2295981998,1140
347293,448056,0.03188531,107709427,239
347294,2820992,0.24401658,774326613,1554
347295,1532564,0.10580706,532346709,886
347296,195228,0.01544414,2544217404,94
347297,167220,0.01022507,1798883819,96
347298,71760,0.00433589,3256833291,34
347299,816,0.00000000,2516087930,1
347300,3230384,0.20295888,3135875988,1433
347301,832,0.00000000,3950056501,1
347302,486736,0.02500587,2610571,222
347303,2995988,0.21018643,4155137021,1589
347304,720704,0.03351908,197349643,302
347305,1030788,0.06675081,2821254005,539
347306,687044,0.05220239,1444198600,376
347307,1087916,0.07266423,381626846,549
347308,455648,0.03497115,3324464809,236
347309,1029236,0.05226492,3173177900,456
347310,2102916,0.17596969,2326606492,1090
347311,2996416,0.23657923,908349881,1747
347312,1217148,0.12996882,2777498304,778
347313,881440,0.08259898,3874418832,559
347314,2996468,0.26653650,2777817550,2249
347315,2996912,0.16772888,2517076183,1274
347316,2996636,0.21539197,2374894007,1411
347317,2996276,0.11282217,3920210555,829
347318,731704,0.07565718,2390819158,420
347319,1314588,0.13273278,3384377280,1024
347320,1110724,0.10337892,3848435884,678
347321,2996528,0.17620480,320676139,1466
347322,425624,0.02729845,4097262491,177
347323,2996376,0.14110638,3996750214,866
347324,2732976,0.14843884,1137662401,877
347325,2943484,0.08076805,2671613322,1189
347326,2996888,0.32004145,1341021200,1733
347327,2516868,0.09648761,4094084473,343
347328,851632,0.04808188,1099770392,295
347329,2814828,0.19760220,2360226136,1308
347330,1469824,0.10207976,2397356041,661
347331,617276,0.02796056,4287583473,139
347332,2052676,0.14526238,1525897646,916
347333,1681192,0.13733251,1527980775,939
347334,1499936,0.09677411,1664644062,742
347335,3999788,0.34390666,3384141999,2478
347336,3999560,0.20399269,2073051669,985
347337,837548,0.01274249,80314336,318
347338,432220,0.01573899,395418754,136
347339,399896,0.00532208,2883325773,59
347340,2996884,0.24286753,2453200630,1668
347341,2996904,0.19030489,4158069667,1367
347342,1336584,0.04204349,237627833,377
347343,2952420,0.17769321,2782472113,1270
347344,1526016,0.08968630,1358929812,694
347345,2031368,0.15437452,1771954188,1145
347346,2262648,0.16081966,822080005,1088
347347,2996380,0.23285357,3856708971,1675
347348,1664732,0.08771391,1299840682,520
347349,2018972,0.14284560,2514882832,1077
347350,913628,0.06645573,3936908456,531
347351,1837340,0.13539315,4214713273,707
347352,1612296,0.09626035,2670796077,642
347353,517928,0.03440349,1264313230,222
347354,2996844,0.27047847,1318404086,1938
347355,2126528,0.09668486,369978046,629
347356,288572,0.01599646,3088524259,122
347357,623752,0.03914013,3002285729,231
347358,1777428,0.09353874,1157524580,674
347359,1506052,0.09094379,2147795721,737
347360,317280,0.01040952,1084267848,134
347361,2891788,0.20324271,3303713107,1510
347362,1208252,0.07095789,3485605749,525
347363,249872,0.01521645,1859852334,120
347364,1437484,0.09483994,1739910814,718
347365,934364,0.06003958,3727813864,522
347366,540052,0.03331359,3719282108,249
347367,145136,0.01075970,1217280973,50
347368,204744,0.01831397,2015305626,121
347369,529536,0.02766741,1521277337,209
347370,1470484,0.10173567,2538989738,769
347371,399928,0.02400516,2775962849,162
347372,2323076,0.13206011,4071231843,1061
347373,1116144,0.06549389,2604475088,467
347374,509180,0.02034808,2696013074,105
347375,500092,0.03423598,25665978,262
347376,441220,0.02008673,360022290,166
347377,1035912,0.04852917,3012103983,245
347378,602960,0.04367715,4126884078,313
347379,2138832,0.13718838,1512037714,1080
347380,1799188,0.13052346,1108820448,1019
347381,1211832,0.09342681,1706450605,712
347382,1487288,0.09999129,2133585472,624
347383,819136,0.06226271,699259854,418
347384,538176,0.03454945,4010587377,313
347385,849192,0.05749444,912451706,433
347386,674056,0.00404125,2587676565,43
347387,596312,0.05723663,2574856865,401
347388,1015308,0.05310848,1149428374,418
347389,3162652,0.20969467,931663823,1274
347390,596240,0.04284905,4112548892,339
347391,1575236,0.10412531,1908316065,768
347392,3956580,0.21099805,4042757090,1363
347393,1415444,0.08194159,3523098062,564
347394,1894176,0.07749002,1646950328,600
347395,854288,0.03754944,2838087051,313
347396,2996132,0.29022106,893721792,1577
347397,2991732,0.12715657,465491965,976
347398,1259756,0.07897364,2604092743,652
347399,825552,0.05385885,2867737557,406
347400,155636,0.01481665,939405500,93
347401,2141420,0.13932835,816857273,1025
347402,2010456,0.13172107,3968580534,834
347403,2293048,0.15707637,1529611188,1049
347404,176120,0.00513634,1710167210,65
347405,754788,0.05605905,3531564076,335
347406,1544828,0.10049101,980089947,555
347407,1314168,0.09176250,28298470,724
347408,1906200,0.13945385,760582651,897
347409,908932,0.04737806,1688302260,328
347410,2857432,0.19312474,1679648804,1278
347411,440416,0.03646259,3023517860,252
347412,2444092,0.12180710,3471141292,1018
347413,971908,0.05515418,2895505381,512
347414,140344,0.00367562,1933154834,48
347415,1151256,0.07089063,162466261,456
347416,231716,0.01106045,4110835818,106
347417,2996380,0.29191167,1212406091,2049
347418,2996604,0.12263815,4015484000,519
347419,2996820,0.24982528,3466949120,1789
347420,2731340,0.11309000,1614936640,928
347421,1386332,0.07819991,1712220100,537
347422,111520,0.01937532,791763560,69
347423,451020,0.03108537,1172813459,256
347424,317632,0.02646174,1161987192,120
347425,1123688,0.05150231,2417129609,457
347426,656556,0.04026427,2259710694,272
347427,2125144,0.16376984,4155720052,1062
347428,174312,0.00173890,253174861,34
347429,865192,0.05454859,1733817983,413
347430,512632,0.04066709,340687552,164
347431,1421140,0.13965136,3126386346,885
347432,624012,0.05418398,2870712128,512
347433,3999796,0.16080213,1906878123,942
347434,2679748,0.16146289,1703244761,1283
347435,1013912,0.06675902,668648786,401
347436,2120696,0.12980273,3341070423,860
347437,1330836,0.07744869,1546000658,596
347438,1839096,0.11561287,416544587,896
347439,1329664,0.08656273,3359472870,614
347440,757072,0.03785203,2111352531,318
347441,705696,0.04559199,3267719963,315
347442,1502816,0.09883788,542354622,765
347443,548900,0.08620619,3562797176,512
347444,1272016,0.13707092,3692622895,1024
347445,2996480,0.17873508,1968960889,1342
347446,3988516,0.22188345,3344623753,1270
347447,2996432,0.20914719,1544996963,818
347448,2600172,0.05847841,4153255720,544
347449,2958188,0.17823039,2865736560,1140
347450,263632,0.02421794,1211313231,67
347451,2796748,0.16692024,1716682842,1149
347452,1149276,0.08496713,3887475523,579
347453,2996424,0.18052291,2058244995,1245
347454,1362308,0.06723310,1526290841,466
347455,3047300,0.17196379,2771638778,1223
347456,399932,0.01098212,1974618703,102
347457,2803224,0.19717102,1092315504,1346
347458,2383728,0.16936659,3520967466,1235
347459,1672392,0.10276309,1400845200,819
347460,1846828,0.09655886,445051558,681
347461,2996928,0.20465306,2236962327,1404
347462,1202720,0.14608633,3838502188,747
347463,2996692,0.16639155,527457545,1260
347464,3512692,0.22203958,2596556710,1409
347465,1547500,0.03874328,648687515,677
347466,518444,0.02564905,2315772679,212
347467,2996868,0.21840925,3772708910,1598
347468,1403836,0.06441078,4170900899,529
347469,399580,0.01522283,1811319717,124
347470,1559392,0.09841503,238143955,704
347471,2028704,0.14062411,1124984929,1004
347472,399916,0.01423135,837225492,123
347473,2670400,0.17477798,4281218676,1183
347474,2996724,0.20626340,1902907337,1446
347475,2050760,0.10798938,2931978112,622
347476,1100656,0.06178925,2216768350,502
347477,541092,0.07292040,1179416396,512
347478,2929192,0.17891653,2509129051,1361
347479,1894216,0.11590818,4052175637,993
347480,33752,0.00452990,1559466033,32
347481,1128004,0.07523200,2296936206,590
347482,983424,0.05868411,2341328850,449
347483,399864,0.00501788,620475857,58
347484,2865448,0.19119844,3436937579,1409
347485,2573584,0.11211837,3903736093,525
347486,1611108,0.10161523,3849087042,669
347487,399760,0.00704261,1849636800,107
347488,2698964,0.16825063,56555728,1281
347489,538816,0.04209347,2220355510,294
347490,1724084,0.12740093,3135321105,903
347491,399356,0.01750689,3396328569,158
347492,461924,0.01917365,2425221144,150
347493,1155644,0.15425308,3356655957,1024
347494,3685056,0.21312486,2769769015,1618
347495,365316,0.02330885,4201281971,170
347496,1720764,0.06397751,1978507911,356
347497,1273240,0.13878221,4260914286,894
347498,2925844,0.15471815,2036864203,1114
347499,637508,0.03454403,823408605,342
347500,2126316,0.16585994,2164296125,1092
347501,504600,0.02519976,733073803,203
347502,420612,0.01869468,2106605959,173
347503,862820,0.05380278,70042396,416
347504,399848,0.00525903,192582116,61
347505,547280,0.04224332,2583119677,276
347506,1555684,0.11503775,3104093831,846
347507,1263260,0.08514752,1961277824,524
347508,2996220,0.21320982,3343935401,1531
347509,888596,0.03630269,322215980,456
347510,1000020,0.06531101,1990221530,519
347511,216512,0.01300750,1518279536,128
347512,270724,0.02250432,3962912785,112
347513,1476616,0.08280021,232351874,625
347514,2907064,0.20417758,1000854791,1466
347515,83668,0.00947929,4024451588,64
347516,948568,0.08160199,2203984988,450
347517,2995044,0.18738514,1468945235,1343
347518,638500,0.01996852,1854701552,290
347519,611412,0.04459325,622805317,310
347520,2709424,0.15890265,7942114,1160
347521,61980,0.00267694,668166244,36
347522,1110168,0.06594637,1418650208,498
347523,429196,0.03456036,2234508875,256
347524,1412596,0.07851099,2359042901,581
347525,399440,0.01587048,649227487,145
347526,1418616,0.09471866,2926054232,675
347527,2996100,0.21982633,1653918248,1655
347528,1285564,0.05541213,1965700237,548
347529,2786424,0.18977813,2676990319,1071
347530,1908692,0.13678001,1791190443,983
347531,1374952,0.09050617,3257785353,745
347532,733636,0.05461252,3048336025,436
347533,1062096,0.06653714,3618528727,507
347534,895568,0.06581852,736877694,476
347535,2038328,0.16085245,337527492,1024
347536,1368544,0.06042663,2059224193,482
347537,662020,0.04061662,1003936916,282
347538,904792,0.05297910,3360893079,421
347539,1134980,0.07085469,217342455,485
347540,2701536,0.16440392,755235634,1200
347541,2996432,0.23610099,1462202337,1660
347542,1394160,0.09261703,3909074225,653
347543,558452,0.01022400,3082636132,270
347544,66568,0.00263127,2378919066,17
347545,995228,0.06902227,3785825200,457
347546,170308,0.00789658,2756586613,84
347547,2314400,0.12035163,122442253,719
347548,1641644,0.08591565,1790065509,570
347549,2839696,0.14097080,3973712844,1024
347550,1933820,0.06712379,403868836,516
347551,493836,0.03201136,1324999850,243
347552,2945740,0.14954947,835210337,1166
347553,2814408,0.08101246,3978384748,324
347554,1473492,0.02066131,3045817128,137
347555,612780,0.01978183,2357879197,189
347556,1351500,0.08112654,1522213315,502
347557,2766444,0.06038576,61113995,578
347558,2635212,0.09231545,1868278238,694
347559,1375536,0.08053036,4181047209,559
347560,3717104,0.25275478,1835196699,1851
347561,274604,0.01022037,1268064926,116
347562,1187580,0.09444864,2746523949,616
347563,66580,0.00320345,1962306341,34
347564,2137536,0.15962346,2923301666,920
347565,883036,0.07877425,346027001,512
347566,1152904,0.04389817,3440532347,255
347567,1004932,0.06569321,2299453266,428
347568,165556,0.00778334,1794376442,58
347569,2812224,0.14859992,193264149,895
347570,1090600,0.07076801,484946060,454
347571,816,0.00000000,1182706184,1
347572,523416,0.02655350,325135939,196
347573,940248,0.05698973,1756550824,379
347574,1131940,0.11370952,1314765261,796
347575,2352972,0.11325893,3174357908,627
347576,1809092,0.10143986,218150005,883
347577,291368,0.02128075,3473260810,136
347578,1047228,0.06220987,4275675358,460
347579,1863272,0.08797794,497290773,683
347580,991724,0.06458452,430567357,410
347581,1859756,0.11996909,1007600140,819
347582,145584,0.00793228,3017400928,58
347583,320876,0.03582217,827181061,256
347584,2996536,0.17286913,647390504,1133
347585,2996424,0.23437577,2837861520,1837
347586,3343236,0.09891210,77837163,799
347587,2996624,0.22236071,2258835455,1567
347588,2996224,0.27809740,2099280801,2209
347589,2996352,0.20914924,57553278,1466
347590,3988880,0.16216895,3554970912,768
347591,2996692,0.23014543,1372737833,1657
347592,566576,0.07261932,1115793504,512
347593,763900,0.05727611,4024868791,373
347594,753208,0.06633132,1225991179,424
347595,3999648,0.16625596,4293123293,1095
347596,2868828,0.18572547,2587258852,1261
347597,2996752,0.21282792,3825093979,1552
347598,2996316,0.12733544,2632575690,1073
347599,2993568,0.15088782,3488319520,1332
347600,2537132,0.11991758,1980302553,1161
347601,915504,0.06024786,1307374675,432
347602,436924,0.02901395,1615377969,216
347603,2010236,0.12944507,2435853226,1022
347604,566780,0.04005705,2356791706,294
347605,1193220,0.15032126,3957269533,733
347606,3999424,0.25059374,3073301309,1912
347607,795444,0.01774054,423018461,296
347608,2571336,0.17885836,1576056913,1258
347609,2642640,0.11858848,1088178286,815
347610,1604972,0.10098476,3043007898,804
347611,368592,0.01230024,3898876251,118
347612,858456,0.05909936,3918293348,382
347613,1201368,0.06703924,3398658898,538
347614,2996820,0.21313443,1324755016,1531
347615,2393244,0.13195533,707977211,816
347616,1400292,0.08758865,3005550571,608
347617,2779176,0.18777317,1804671772,1510
347618,2898492,0.18363180,1662430545,1419
347619,2739320,0.16060765,1755142928,1235
347620,274380,0.02797598,407061323,256
347621,1373284,0.06646641,3381499860,531
347622,587948,0.03047270,1613543111,204
347623,1666468,0.11334047,2392551028,849
347624,637908,0.07448109,3230770727,512
347625,2772520,0.14721109,463867805,1158
347626,557760,0.03084884,1446735374,255
347627,894504,0.05872293,3479892320,468
347628,746180,0.05711302,1220867080,394
347629,907196,0.07417664,1224319627,512
347630,1757452,0.08420372,3474541161,539
347631,1032544,0.02642570,2067791339,257
347632,981876,0.07994569,902488289,482
347633,2996492,0.17405754,404980332,1427
347634,707296,0.03409121,1593434384,228
347635,829616,0.05026730,3165947735,372
347636,3202572,0.19648457,1516962845,1621
347637,357632,0.01324908,117557654,114
347638,2996492,0.20862644,3510897221,1518
347639,979348,0.02825194,2097427983,358
347640,428348,0.01756768,4222738750,120
347641,2996824,0.18870374,846493327,1440
347642,666352,0.06482769,2349463028,512
347643,2996732,0.16561218,880617381,1129
347644,1912512,0.04912316,3490332887,594
347645,1859044,0.12320845,1057752680,1005
347646,399396,0.02004775,2626132250,177
347647,241840,0.01403634,1820173691,104
347648,738872,0.06030951,2295404138,403
347649,602220,0.03634928,3636513507,318
347650,951708,0.05910931,3623359265,472
347651,219920,0.01358791,2564008124,115
347652,547396,0.02837333,750610400,237
347653,399424,0.01352516,4156847734,92
347654,525248,0.03303722,2727760303,200
347655,1482284,0.09794623,419344841,677
347656,1182896,0.06728519,3588013074,597
347657,2996360,0.33443382,3172083386,1672
347658,1642280,0.14283702,3301143383,843
347659,1040140,0.06996226,1493942421,265
347660,1107464,0.08579641,972637635,620
347661,732212,0.05164634,491155169,482
347662,1543228,0.10106368,1669889663,790
347663,3999124,0.23377217,3034713537,1658
347664,216556,0.02860406,845855004,35
347665,551648,0.01420001,188606510,254
347666,1259540,0.08405550,3550619455,580
347667,813488,0.07368246,2755675291,362
347668,832,0.00000000,2733994645,1
347669,920960,0.09441589,2655749004,512
347670,918776,0.04302428,3796064952,182
347671,170124,0.00922601,1127079214,108
347672,3529644,0.22884842,955667231,1834
347673,2134952,0.14098290,3764802451,1194
347674,65864,0.00073127,3682281345,23
347675,223788,0.01582249,4133509866,122
347676,36956,0.00225609,3236446339,24
347677,761360,0.04412643,3422383185,304
347678,399184,0.00813927,480762189,84
347679,1245212,0.08639533,1532004855,708
347680,828,0.00000000,1178330601,1
347681,1161800,0.06758803,2991172811,493
347682,399264,0.01463365,1695393976,127
347683,813488,0.05278624,4045073698,354
347684,274656,0.01249517,1571742787,146
347685,1616208,0.09702072,3740649539,742
347686,253852,0.01252493,3037862613,127
347687,108824,0.00661498,1770918221,65
347688,822792,0.05126376,522505319,414
347689,417704,0.02023647,3638671627,124
347690,878224,0.04829509,3275568127,378
347691,620548,0.02555866,2083456608,223
347692,361212,0.01702568,3689958657,123
347693,644496,0.05096947,2586555501,366
347694,689556,0.04511451,3618140020,307
347695,1563408,0.10982425,1482680266,823
347696,528996,0.03343996,255809025,248
347697,819256,0.04971317,3113894726,378
347698,405452,0.02324552,1835620282,185
347699,806096,0.06176564,3746710427,376
347700,3156968,0.18921319,1234157997,1506
347701,253996,0.01580848,441050408,108
347702,996592,0.06751703,3280812882,499
347703,267940,0.00875423,492298531,128
347704,98792,0.00734528,3131932281,40
347705,2197036,0.14948486,3274495585,977
347706,1194276,0.04792573,3693214216,371
347707,3999768,0.27889391,1750400419,1747
347708,1362020,0.06096969,2263762815,453
347709,1090976,0.07593799,3455990340,598
347710,602300,0.04525170,2534280709,287
347711,1275560,0.08591195,3526337239,643
347712,592268,0.03895338,2105594049,325
347713,178452,0.02123247,445980547,128
347714,1145324,0.05157681,107367799,372
347715,2996684,0.18999343,1789741001,1409
347716,1272408,0.03519416,828231024,306
347717,396580,0.02322059,2211440069,196
347718,2996640,0.30646381,3964793205,2094
347719,820,0.00000000,2364695885,1
347720,832,0.00000000,1007355830,1
347721,2201968,0.09206874,2411355798,524
347722,1597100,0.06914949,3518639635,778
347723,3662968,0.23727283,999445566,1716
347724,769592,0.02787238,3921535209,247
347725,286108,0.00485311,2448881166,61
347726,271224,0.00411319,435048300,54
347727,948224,0.04727598,64609852,410
347728,974684,0.05461141,2070821016,436
347729,1884748,0.11832909,4289949059,881
347730,2387484,0.13621476,1363242331,1044
347731,1507732,0.06694833,949349731,373
347732,3548392,0.15988585,1832317456,858
347733,2996764,0.15404640,3622405442,988
347734,2959664,0.14955945,1645404304,882
347735,2996296,0.07921681,1875951627,144
347736,2081172,0.08557618,1305400139,609
347737,1759588,0.06979804,3966902537,370
347738,2302112,0.07315189,3452156830,336
347739,1957352,0.10285374,2913756513,707
347740,1890936,0.09469843,3535927745,495
347741,1935784,0.11439911,1804919830,771
347742,1236016,0.08574947,1485115062,512
347743,2022608,0.07740365,225195205,289
347744,719248,0.02343080,1694678478,242
347745,1399112,0.07564301,778930239,513
347746,692044,0.04149521,3794030562,250
347747,2886292,0.16618079,2663765357,1179
347748,2996904,0.23601081,36481260,1741
347749,2059008,0.07800208,1510531195,791
347750,1816676,0.11237111,2034832229,764
347751,1201648,0.07349284,2444928518,444
347752,2996288,0.21330030,2334448202,1461
347753,1665800,0.06673758,2650012776,590
347754,469020,0.02880557,649765948,230
347755,2996620,0.21361674,3559134364,1420
347756,2996500,0.18934540,3874676562,1296
347757,2081600,0.10881602,924445958,1018
347758,366560,0.03293995,1762359052,256
347759,2244340,0.14265059,597081272,1110
347760,1326188,0.06259150,3021257279,598
347761,859984,0.04208057,1316717788,339
347762,2009196,0.12217562,445987272,884
347763,1053552,0.04935989,3101123060,343
347764,438580,0.01401490,2598526490,98
347765,1009708,0.06624975,3767749288,492
347766,2996428,0.17509692,3064000729,1268
347767,494208,0.03482686,2984360304,265
347768,1842040,0.08312631,2074806503,776
347769,2996392,0.38759479,4085127741,2332
347770,2996664,0.13108407,605164485,891
347771,2996216,0.15376076,229350892,1239
347772,892608,0.06854214,2665313525,475
347773,1384440,0.03567003,371562821,415
347774,216776,0.01350427,1887441263,100
347775,2996080,0.19533248,2344098224,1449
347776,2996204,0.21825425,3618366210,1605
347777,2996204,0.22157788,3731514267,1352
347778,2996904,0.18982918,1511543022,1376
347779,2453780,0.06626562,2466831494,638
347780,2996544,0.18091082,2515169228,1334
347781,483400,0.00629019,1217391105,153
347782,596876,0.03903442,2126177701,275
347783,1262736,0.08010930,2686612706,529
347784,2716548,0.17460392,610647190,1221
347785,771928,0.03420725,1675790998,306
347786,2308152,0.13938648,4244103811,1071
347787,1090412,0.08052590,3752298998,495
347788,131440,0.00462179,43552962,56
347789,327960,0.01776356,4102960705,133
347790,415456,0.02178858,4168312569,157
347791,2396248,0.13595559,916619772,993
347792,199376,0.01165298,438856539,80
347793,554632,0.03506796,23996468,288
347794,533496,0.03618001,681659993,280
347795,1689628,0.10146242,1766111595,730
347796,313508,0.02110553,1329615314,170
347797,1273552,0.07646512,683764180,575
347798,210908,0.01551162,3282780027,112
347799,676840,0.04092232,218387824,305
347800,1215728,0.07162443,2696059520,520
347801,2502332,0.16510959,1677028783,1273
347802,1964348,0.12774632,2883669786,892
347803,361856,0.02303542,529466159,169
347804,1071212,0.06292232,1945420803,490
347805,129916,0.00791535,1456109010,61
347806,1297920,0.08791259,2586929822,646
347807,2181908,0.15200250,3896450138,1108
347808,1173016,0.08024850,4213500714,611
347809,786776,0.04599350,3983041748,362
347810,105040,0.00534464,20077627,51
347811,165620,0.00748197,1878624526,65
347812,1025316,0.04893804,2854053891,326
347813,597116,0.05029300,102855440,255
347814,1381148,0.08732553,4149055154,634
347815,1461148,0.09321765,88887519,606
347816,3029860,0.14536251,1365146989,956
347817,966008,0.04033855,1930025756,276
347818,629764,0.02635445,4154832833,132
347819,609344,0.02655544,3140482848,197
347820,648280,0.03649909,3473682365,271
347821,1905388,0.12780891,956998477,883
347822,320880,0.02673015,2583062203,241
347823,686616,0.07196539,190322273,512
347824,2996740,0.18198701,3905772951,1211
347825,596720,0.01723728,3887134135,64
347826,2291396,0.11056321,2260576272,853
347827,285304,0.00427499,1759633305,43
347828,359528,0.03231291,4075085337,256
347829,2793904,0.13672086,2423005811,1019
347830,2991724,0.15494667,2312683620,1221
347831,589928,0.07540633,2080453337,512
347832,2996156,0.16433101,1593495727,1228
347833,2213916,0.11672009,3454284135,924
347834,560840,0.02270650,36585497,214
347835,1113012,0.06936765,2286216778,429
347836,1996304,0.12329093,4069955731,813
347837,2388696,0.08238781,2854797068,541
347838,577232,0.02763933,3983790043,269
347839,422028,0.02171739,1441597381,175
347840,2283888,0.11842016,3666409944,884
347841,2996376,0.18774684,2628094152,1260
347842,2966996,0.15664377,4086727570,1234
347843,954000,0.03447544,742639814,249
347844,1500812,0.08634342,2889710044,666
347845,809796,0.04750365,285183481,419
347846,2996180,0.24378811,3974723144,1931
347847,832,0.00000000,1256175954,1
347848,1996268,0.07659134,3387923903,387
347849,2326856,0.12359237,3427563158,942
347850,1292000,0.43576306,2893941966,1024
347851,1996592,0.13140783,2889605702,1019
347852,1996404,0.12270438,1052055201,866
347853,2996804,0.13169388,816648226,695
347854,2996700,0.16346588,939929395,934
347855,2996624,0.14620541,285810163,1176
347856,1996240,0.11513471,2328411671,887
347857,2996488,0.19457142,3413055028,1534
347858,2996924,0.27279426,3066962699,2072
347859,1908136,0.06657099,1989246227,316
347860,3022228,0.03811305,394247697,344
347861,728544,0.02788689,907434265,251
347862,1200804,0.05280357,2712591458,407
347863,1517652,0.09163698,713740764,607
347864,628968,0.01822105,1157464311,168
347865,1516416,0.11154006,1604464588,680
347866,672048,0.07904879,3117547865,512
347867,2728916,0.22512534,2296387676,810
347868,2996908,0.29556947,3483727889,2023
347869,2300016,0.08565367,1304470621,452
347870,2669988,0.13958031,3271611543,1065
347871,3596288,0.31031787,3913194389,2283
347872,2996184,0.15285028,1953740226,944
347873,2996092,0.20356678,444004464,1396
347874,2669436,0.05377248,436501347,606
347875,2996828,0.32238953,1722792640,2157
347876,1996788,0.12687208,971759613,895
347877,2996704,0.25652042,1498328957,1657
347878,3999628,0.27869587,205416296,1767
347879,2996872,0.23281203,2288519030,1658
347880,2996424,0.16666594,1315593370,1021
347881,2996144,0.21651430,2325261816,1451
347882,3956336,0.16126940,1522566837,1256
347883,2996688,0.36746506,888828305,2592
347884,2996908,0.24094415,1791886931,1862
347885,1996564,0.09287633,2645871517,643
347886,2996644,0.16282667,2783671771,975
347887,2996564,0.16959577,2310020552,1189
347888,1055632,0.04858360,1952042907,232
347889,3577108,0.14294876,2012309794,1851
347890,1943920,0.13584066,1983199772,819
347891,2120288,0.14691680,1278663001,931
347892,3999660,0.24801140,3714686883,1538
347893,1386140,0.07441360,3583765856,716
347894,1395380,0.08705488,1376424798,622
347895,1448764,0.08545315,1164256515,489
347896,819072,0.04935230,176615059,348
347897,3618732,0.29679579,1082782734,2032
347898,1202664,0.05747952,1986892533,356
347899,1358744,0.04633333,2549402056,547
347900,1996476,0.14264293,1099446964,939
347901,1996720,0.11350242,2302754137,803
347902,1075812,0.05840989,4274266187,382
347903,1080652,0.07883044,2335380971,539
347904,648564,0.03334277,1369021548,282
347905,2287864,0.14295146,4202059158,1052
347906,1996276,0.23542643,3774201398,1447
347907,1977468,0.10368847,630024995,848
347908,689672,0.06997675,3701910859,512
347909,2995988,0.19516125,2152314226,1354
347910,582492,0.02780092,3608006205,276
347911,2742768,0.18511229,4183211310,1328
347912,2996864,0.22641014,613372911,1568
347913,2473444,0.12310698,4211500434,1082
347914,788404,0.04550528,3912761027,420
347915,1585180,0.10837799,1400551265,770
347916,1637580,0.08992957,1827185683,628
347917,490696,0.02900659,2866076812,204
347918,1756216,0.09924406,3875362663,646
347919,823860,0.05284678,2319283389,345
347920,399940,0.01458477,3637067534,144
347921,285540,0.02371935,2212321517,181
347922,936752,0.07096551,857878336,539
347923,2996316,0.27158270,1661996462,1886
347924,1674000,0.06785168,38464590,543
347925,240164,0.00907522,275278766,82
347926,1396840,0.12072908,1244319450,750
347927,1437064,0.07210242,3867498826,399
347928,2119740,0.14778968,3284264479,933
347929,1101336,0.07000072,1379503802,497
347930,990500,0.05759831,386384101,378
347931,1073368,0.04722432,1467199086,293
347932,857448,0.06428136,3781633618,453
347933,1930336,0.13490621,1287511815,932
347934,1346416,0.08339918,2994991665,595
347935,440468,0.02192909,1268349301,163
347936,1373668,0.09361666,2631107314,665
347937,1547036,0.10010355,1079956011,624
347938,110308,0.00274019,3607134258,36
347939,2157740,0.16630125,3448255745,989
347940,964844,0.01726425,1452938025,195
347941,1287344,0.08822743,2514727548,654
347942,1296680,0.07779756,3411814816,570
347943,648180,0.02622352,2181056789,112
347944,1163056,0.06779193,3783812532,431
347945,626924,0.03559842,1294883168,314
347946,802852,0.06453364,3982824660,455
347947,645120,0.03487657,3988003985,280
347948,881532,0.05825188,3211175603,427
347949,2428748,0.15521499,427020773,1205
347950,3396248,0.24355867,4076203721,1766
347951,1728512,0.07103199,802351548,627
347952,278464,0.01994280,2170480253,132
347953,850372,0.04853632,2240354754,334
347954,1812324,0.09281235,3350152130,695
347955,732,0.00000000,1933520769,1
347956,2765756,0.17211186,596734296,1286
347957,1116028,0.06212145,3457448582,461
347958,1873160,0.10608969,1487618733,729
347959,2023264,0.13439204,1260905157,1024
347960,2269752,0.15516698,77775584,1153
347961,1072284,0.05633815,2068099607,326
347962,854724,0.06454358,726709767,512
347963,797792,0.03676525,2263822054,223
347964,339416,0.02918122,2810906554,256
347965,1034668,0.05656717,3016091798,397
347966,1329904,0.10130575,52502644,725
347967,793472,0.02599562,1640898217,319
347968,2996372,0.24837287,2525276686,1889
347969,3596404,0.20392055,2433514072,1262
347970,2638008,0.11390175,625638451,955
347971,1107940,0.07088790,2929052128,493
347972,489980,0.02836917,1694724913,286
347973,361172,0.01292938,1994679499,128
347974,655312,0.03513168,2399134772,224
347975,832,0.00000000,2774840960,1
347976,1587224,0.09973459,3659590363,661
347977,247804,0.01649913,1959693335,109
347978,1035352,0.06402609,3246161069,403
347979,2862800,0.20598282,2516741636,1127
347980,624196,0.03404065,3232783774,224
347981,437364,0.03805192,3347739310,201
347982,2756844,0.17622460,1588466615,1210
347983,1508956,0.10437629,3680111426,540
347984,1258876,0.08064151,3846640889,646
347985,1235144,0.09287846,1475537217,537
347986,1130756,0.08156430,1333942634,616
347987,1341160,0.09064372,2336345306,717
347988,1957856,0.12938182,1015038842,925
347989,1474232,0.09951104,470525485,769
347990,1895996,0.20794275,3801416018,936
347991,820,0.00000000,1826966044,1
347992,2996252,0.23951507,587271929,1616
347993,728816,0.11327647,1442001043,512
347994,1907740,0.05502495,4112890046,552
347995,1315516,0.16003362,3958388983,1024
347996,3572528,0.17880024,2919636979,1063
347997,2206172,0.11733435,1627992803,956
347998,1082288,0.07200515,1715206818,503
347999,2054372,0.11907095,3744871860,836
348000,906408,0.06204953,432878182,443
348001,2429316,0.15446474,1920634561,1070
348002,2380892,0.16138104,4064588658,1247
348003,646444,0.02964525,3415550531,247
348004,1375452,0.07991130,480171192,623
348005,1043836,0.06342699,1423900840,491
348006,1131960,0.07337883,2331807717,578
348007,694272,0.03546765,3128933410,243
348008,399812,0.00421188,4051335042,79
348009,711748,0.03348663,3136677489,266
348010,832,0.00000000,1808848092,1
348011,2544656,0.17287051,2849732180,1234
348012,2125440,0.17132743,3194973761,1174
348013,1709552,0.11073926,2677226603,879
348014,322396,0.01112275,471283940,112
348015,2996232,0.28195645,3688451288,1779
348016,2752220,0.16869126,759322066,1186
348017,1585612,0.07950387,1892961732,703
348018,802844,0.05012878,824800403,419
348019,1141880,0.07907283,1148068775,624
348020,2699636,0.18170839,1457354332,1267
348021,2996708,0.27578827,1614249498,2098
348022,3551656,0.22896746,3435670699,1422
348023,3286060,0.15716230,1309790988,1157
348024,2996704,0.26761193,2071939188,2029
348025,2996360,0.17316043,3980646970,1087
348026,2996232,0.25280929,3865304286,1756
348027,2996528,0.17623734,2732815411,1252
348028,2231312,0.12605236,4077509646,1104
348029,1248608,0.08797500,1864676855,652
348030,2996084,0.25411892,1572371109,1924
348031,2074244,0.10006862,1409528172,608
348032,313496,0.02916418,2107298193,256
348033,351372,0.03347390,3197519756,256
348034,2996704,0.30105204,1284059929,2018
348035,3024028,0.15123978,316757868,915
348036,2996524,0.15534139,2935292363,1447
348037,1877972,0.13027731,589326955,1009
348038,660744,0.03230269,451886775,242
348039,580944,0.03357243,2785156633,268
348040,2996812,0.26497660,1876115715,1962
348041,2996092,0.21292538,1930522580,1455
348042,3230224,0.18564197,596006358,1447
348043,953504,0.06218155,237249508,491
348044,832,0.00000000,360957446,1
348045,3999708,0.31171073,4158673923,2108
348046,2994596,0.17847692,2450545291,1477
348047,3016588,0.20693001,2226005336,1266
348048,2996172,0.31914180,3714264398,2223
348049,3988696,0.23940875,444928793,1548
348050,2996752,0.22617635,2315585729,1669
348051,1996216,0.16456296,1270828067,1223
348052,2996068,0.24073958,4148408595,1301
348053,2996520,0.35238497,3854046269,681
348054,2480284,0.07331130,3174211287,721
348055,832,0.00000000,1887883379,1
348056,2076968,0.12732547,2764784818,958
348057,2885012,0.19288508,1108425115,1386
348058,535268,0.02749475,1883702907,268
348059,281732,0.00785705,1618522432,105
348060,1103876,0.07151573,760279118,524
348061,600260,0.02819281,563367744,257
348062,399696,0.02241664,3521818608,177
348063,731576,0.03599384,1297412842,273
348064,620028,0.03374205,4283643744,258
348065,399716,0.02918053,214670810,253
348066,1457264,0.10136326,3969434947,713
348067,1996660,0.13916489,383264452,931
348068,1462264,0.08380444,1169726547,634
348069,695328,0.03702756,1753640963,290
348070,1064868,0.07687782,2593007059,548
348071,1570568,0.15903280,2903135879,1024
348072,2932224,0.13090347,2077339594,804
348073,1070424,0.03152796,3681356353,233
348074,3138592,0.21043029,4285429318,1353
348075,714832,0.03106595,300646906,336
348076,1016176,0.05992765,3773630605,426
348077,1195984,0.06782118,2782138597,521
348078,150076,0.01747756,1522541327,128
348079,602100,0.02837921,1558575938,237
348080,991464,0.05515710,2326807680,354
348081,1101852,0.06269026,2878639554,523
348082,2829696,0.18846291,208362938,1297
348083,556772,0.03503602,3732519837,260
348084,349376,0.02160724,2875153364,151
348085,71448,0.00171350,1874362536,20
348086,893316,0.06553778,4013781149,472
348087,1305916,0.07203560,1656455237,613
348088,2840120,0.17956840,377272151,1265
348089,1187208,0.07129092,1345390104,522
348090,1308052,0.07413869,3278790523,599
348091,375528,0.01439577,3094934835,165
348092,134060,0.00670407,2306147651,40
348093,1025224,0.05878198,3495872169,410
348094,421408,0.02314505,3412355249,181
348095,588704,0.07752901,1901026888,512
348096,2217132,0.12253169,260434258,766
348097,574828,0.04235138,2708291670,269
348098,1591684,0.08688731,2595081600,625
348099,1745216,0.22268419,2130496103,875
348100,1491500,0.09952335,1922548707,699
348101,381224,0.00728537,2924689989,130
348102,929836,0.06336665,3702538149,432
348103,817340,0.05028093,3692974953,426
348104,715592,0.03886577,2614052856,303
348105,1419732,0.08303611,1742688422,700
348106,259736,0.01254797,1471942045,94
348107,296788,0.00523461,3849655299,55
348108,2386896,0.15401156,308489583,1034
348109,345240,0.00803816,577651838,63
348110,399268,0.00348879,2613392029,76
348111,912000,0.05511549,2805617436,384
348112,935732,0.05331051,1384616672,405
348113,1228468,0.07600811,559313841,664
348114,2494196,0.21805851,3464715675,1060
348115,293968,0.00439726,828635026,57
348116,1391476,0.09089882,745412965,725
348117,554768,0.03090599,1295635893,248
348118,688228,0.02944537,3363897494,229
348119,1996572,0.12474158,1387904803,805
348120,1578180,0.07387614,2430074176,537
348121,1805760,0.11813264,1091955496,855
348122,945948,0.05108091,1912317548,387
348123,1314284,0.08998632,3489384477,615
348124,1778456,0.11283791,3753398143,881
348125,1996536,0.16757182,3778074124,1248
348126,2719008,0.11496155,4133671837,681
348127,1610148,0.09721260,61877956,643
348128,2079744,0.14834941,2720123445,840
348129,687492,0.03489325,2184384149,300
348130,496804,0.03118738,3577652083,225
348131,3396984,0.31093221,2415415699,1755
348132,3596784,0.33656534,1649908495,2425
348133,2996652,0.17191402,1791882780,1040
348134,2996832,0.25320013,2833359801,1550
348135,2996672,0.13984114,2382584209,1075
348136,1091208,0.02293135,2512992456,362
348137,2042472,0.13834032,833322330,928
348138,1766260,0.13307601,547652771,796
348139,853300,0.05286256,1124641315,437
348140,399676,0.02354240,2972289505,143
348141,1621560,0.09900524,81198204,682
348142,757344,0.04516182,3086208769,337
348143,795652,0.05006109,1270048340,397
348144,1440652,0.09601946,621257279,659
348145,1731252,0.11428581,3374948749,811
348146,2829356,0.16075248,230061674,1035
348147,2662996,0.17433179,44038635,1340
348148,1514832,0.09983769,2417951986,757
348149,2996628,0.23395391,468662316,1286
348150,1205676,0.05092447,1849703100,313
348151,2996724,0.23173098,1310991585,1517
348152,2996384,0.23855634,875750932,1601
348153,2996108,0.23261416,133029122,1590
348154,854104,0.01443716,2917329929,379
348155,732600,0.04501411,493716071,359
348156,799460,0.05193233,955033030,435
348157,2331756,0.19581775,84751374,1104
348158,832600,0.04422867,2229693584,401
348159,975228,0.05576889,2985793680,484
348160,300124,0.03979924,3950706185,256
348161,820,0.00000000,125059260,1
348162,1924184,0.12542537,3164221136,795
348163,1396696,0.18012597,724688900,1230
348164,2996780,0.19877166,583455536,932
348165,2996844,0.24303699,855328968,1226
348166,2996928,0.21266646,472135177,909
348167,2996620,0.14868769,2517451100,921
348168,2996784,0.31888728,2471848530,840
348169,778720,0.07690827,3291144385,512
348170,2996512,0.17156417,2077777048,1052
348171,684732,0.06962887,541969985,512
348172,526648,0.12979630,3240376899,256
348173,2996596,0.13179990,3792249298,710
348174,2996272,0.11623074,3782979718,1263
348175,102700,0.00373737,2039719947,64
348176,3999688,0.33629810,901656846,2322
348177,1424168,0.03756568,3300397761,379
348178,608768,0.02889883,191609707,247
348179,399760,0.01864714,2753630413,165
348180,1996708,0.20251346,2237813921,1399
348181,2996816,0.29588927,3673485016,2064
348182,1396540,0.09113581,1773212020,730
348183,2996252,0.20721303,1180140902,1330
348184,2996308,0.13375286,1195907899,710
348185,2996860,0.13267786,1382744001,598
348186,2996808,0.06855969,3443174839,452
348187,1975220,0.08750449,1138813823,633
348188,2388920,0.01517904,3322551459,64
348189,1772108,0.11275552,2281639233,814
348190,1821276,0.11854348,2550366738,920
348191,379728,0.01001885,1283320240,107
348192,1700028,0.17142880,4243944029,788
348193,313708,0.02744111,971182053,256
348194,777812,0.03252129,2841534466,264
348195,399856,0.01795741,1740233074,120
348196,350180,0.02321290,284951207,165
348197,1737900,0.09267612,98769423,679
348198,1803968,0.11812067,890042105,892
348199,1101288,0.07554223,1291253445,581
348200,2996716,0.27654087,571418365,2063
348201,2547956,0.08855680,2924710865,719
348202,702528,0.03381884,3338763449,279
348203,399528,0.01121259,3976535267,106
348204,2091736,0.13057185,3024637118,962
348205,367388,0.01159153,3165976752,106
348206,2748228,0.16472562,1006109994,1093
348207,729056,0.03669136,807301113,342
348208,1164840,0.07521483,1610263235,278
348209,429052,0.00640111,2060077684,126
348210,399172,0.02345651,1791989634,40
348211,2996788,0.20678790,3483733960,831
348212,3336588,0.20203828,63642935,1086
348213,221744,0.00348540,1015121491,79
348214,2996644,0.23486521,2041168763,1501
348215,2386336,0.12070996,3308938337,699
348216,1996656,0.12119504,532685791,599
348217,817080,0.04512968,2841744247,288
348218,2017592,0.09791729,3879290450,600
348219,484776,0.02308423,71031900,230
348220,2996140,0.25679437,2596074973,1448
348221,3999904,0.22971977,3869842108,1173
348222,2996628,0.20720884,2414784330,1029
348223,2996828,0.17372754,1172609488,894
348224,725220,0.03103465,1982882831,274
348225,786128,0.05056674,2847425140,311
348226,3046384,0.20590484,2786266146,1131
348227,3988836,0.31837420,245972704,1526
348228,2996076,0.18641897,3548865561,1223
348229,1996600,0.10406712,4048330662,617
348230,73284,0.00595392,139192305,64
348231,832,0.00000000,1346318251,1
348232,1079176,0.03609846,1076175387,383
348233,1663100,0.12317594,907645959,762
348234,1572440,0.10585339,223142449,730
348235,427432,0.01401072,4169438331,218
348236,193364,0.01214870,3144610307,110
348237,537344,0.04223941,3254752425,280
348238,261384,0.01783413,4103709831,128
348239,698964,0.06839460,3819244818,512
348240,1791352,0.09673112,3935595006,736
348241,948344,0.05608337,1040854446,410
348242,33860,0.00414134,1608676354,32
348243,1685392,0.09097677,2232582795,664
348244,1236096,0.08840004,2749554651,618
348245,477728,0.02246654,2436365430,199
348246,1936560,0.12833402,2696120121,905
348247,1482948,0.10046125,3789011749,695
348248,22452,0.00080134,3193498694,12
348249,1175884,0.07997142,2983172554,562
348250,399188,0.02026819,672201104,174
348251,85260,0.00567863,3810158222,45
348252,1709040,0.13020739,2258989910,870
348253,2186788,0.13855977,3190101338,1009
348254,127788,0.01656541,1946893222,60
348255,1265036,0.11884963,3594486906,722
348256,191420,0.01386997,1194756774,113
348257,1240744,0.08551889,3477003592,644
348258,1172188,0.07356726,712645211,539
348259,1112064,0.07662357,915896837,523
348260,790332,0.05047741,3910103057,422
348261,540604,0.03662661,1970818361,288
348262,232964,0.00091000,2591598677,35
348263,838404,0.04824351,899659209,353
348264,36972,0.00316516,1000907250,32
348265,1247912,0.06999747,3335604625,524
348266,511320,0.02153961,243947250,174
348267,1273604,0.07563412,544070756,510
348268,1814384,0.10023734,2481623937,716
348269,2010008,0.10751154,2875476706,834
348270,1047400,0.05504566,1098611119,327
348271,2996804,0.23252554,555484649,1778
348272,1567508,0.05236558,3625649747,347
348273,3802000,0.29141966,4039412074,1971
348274,1390768,0.10934604,3375403455,628
348275,526996,0.02907732,4199029530,231
348276,3396584,0.26618761,1185286534,1832
348277,3596616,0.31506118,2791078430,1824
348278,1396852,0.10136917,478374573,505
348279,3438204,0.20098990,623716567,1515
348280,2996932,0.24693496,24382956,1826
348281,1283228,0.14540427,1635942859,1024
348282,2996828,0.15229582,789365010,1040
348283,3999396,0.28558745,3229874667,1478
348284,1396772,0.11175306,775407490,684
348285,2996596,0.16807752,3911026667,890
348286,1888360,0.05932222,3964032577,678
348287,2659020,0.17923796,2326316328,1273
348288,485996,0.01856289,1931948421,164
348289,1700824,0.11643639,582780740,837
348290,851972,0.06580552,3639199976,361
348291,389316,0.02759089,2812503430,256
348292,2591572,0.16539963,2683360339,1149
348293,1996652,0.16318045,3471524127,1132
348294,3999848,0.28525099,4123640016,1428
348295,2753552,0.13586862,1960512627,803
348296,2404532,0.14778830,2556913579,705
348297,1524536,0.09862875,1238198892,831
348298,3828436,0.22694986,956605492,1554
348299,2951792,0.17761531,2952440101,1281
348300,333212,0.02890885,3980010116,256
348301,2502524,0.13231881,2856848388,1013
348302,1946580,0.14975552,987278232,890
348303,3999376,0.45648324,337392712,3293
348304,2208432,0.15213606,2765684930,512
348305,2996184,0.17325661,2669661844,339
348306,2996552,0.16938038,2472140226,1328
348307,2996632,0.20899835,2080031126,1410
348308,3999804,0.24846550,264401698,1439
348309,1713788,0.09414097,3935929947,512
348310,3999684,0.21381734,3595010308,1279
348311,2665632,0.11278677,226570,1343
348312,820,0.00000000,3956602473,1
348313,320436,0.00962800,2608400523,86
348314,360992,0.03925244,686389835,256
348315,586164,0.02608325,3954659265,173
348316,1746432,0.13143028,2441705604,833
348317,1316604,0.08677190,779160958,632
348318,2996228,0.32841048,2210797591,1629
348319,2940344,0.17353442,3215510873,1214
348320,1927724,0.11596701,3796965194,863
348321,3074948,0.22543943,2390947592,1709
348322,1996372,0.24532393,973566300,1711
348323,1996732,0.11592319,1244738382,983
348324,1996640,0.14197049,661165766,1012
348325,1996768,0.11285044,2773385346,666
348326,1996140,0.16429173,3551232102,853
348327,1655832,0.04235553,3019652019,643
348328,3999788,0.44037380,553561438,3152
348329,1996504,0.13895594,3151456100,987
348330,3999908,0.18697506,889113409,1184
348331,2996892,0.19977146,4251290211,1190
348332,2996220,0.13305902,2901424717,424
348333,1395472,0.04984357,2982221453,195
348334,2996136,0.22200481,3582585908,1321
348335,2996288,0.20687229,4025857942,1079
348336,3616284,0.21905137,817374727,1218
348337,1996700,0.12963023,4161623945,809
348338,608344,0.07592886,840898891,512
348339,2996612,0.13704281,1870677670,960
348340,1996768,0.05908830,2913170328,942
348341,572200,0.01941878,2833269047,197
348342,1699076,0.10634630,3694073884,755
348343,413512,0.01423541,1516825362,117
348344,244152,0.00507191,3465809398,28
348345,948376,0.05937183,294909274,438
348346,3999176,0.24233114,3741712800,1858
348347,1252148,0.08346764,3267169212,550
348348,993068,0.05531983,1514984989,495
348349,1531980,0.08060463,3549591436,600
348350,1043988,0.06662125,77046548,481
348351,1014580,0.05606819,163379643,494
348352,389428,0.13938574,3864397495,256
348353,1427364,0.06809126,2277039028,391
348354,1808068,0.13651128,2854381865,1024
348355,2199688,0.13629904,3904275297,993
348356,1299308,0.13685814,1809031457,1024
348357,1396296,0.13905086,2802519503,1072
348358,3999920,0.16752261,3347586204,1165
348359,1538312,0.05140149,3507422077,484
348360,2996340,0.25342887,3827162707,2013
348361,2996396,0.11732122,506975375,528
348362,323972,0.02043575,1835929587,183
348363,1689492,0.07688645,2502126214,612
348364,2471472,0.13961633,2740282782,1078
348365,1132448,0.07817722,558073691,554
348366,1752500,0.10251367,1882324758,806
348367,508404,0.01196718,2378286326,127
348368,389496,0.01302891,2643489827,152
348369,1307140,0.06385624,2170516498,510
348370,399632,0.01048907,3810272855,113
348371,751880,0.04569020,1899180873,318
348372,659352,0.02683665,2581234562,201
348373,573404,0.02103239,4136158295,240
348374,1904700,0.11571431,1615636699,854
348375,1129112,0.07032103,3585183079,512
348376,1256428,0.06063040,1101141525,473
348377,2254312,0.13950296,2683588162,1096
348378,810840,0.05278503,350777122,401
348379,878600,0.06052526,2903746923,401
348380,388228,0.01958547,92302880,176
348381,164404,0.01853120,542303214,94
348382,399716,0.00436269,901042680,48
348383,566932,0.03755354,2382572740,279
348384,2996608,0.23025394,1140249235,1580
348385,2356548,0.07317564,304110617,765
348386,1057072,0.07367039,1190624590,451
348387,1024372,0.07191811,2475118724,427
348388,447436,0.02407409,488056761,231
348389,495168,0.02955929,459107136,229
348390,12052,0.00040023,1892485111,5
348391,1231128,0.08003173,1430178049,520
348392,1710804,0.10813526,2932940861,738
348393,484500,0.02041027,391805890,248
348394,820,0.00000000,3265357428,1
348395,1216712,0.16608822,433508904,1024
348396,2996736,0.13168645,3663292273,850
348397,2553756,0.12375489,2378247824,1046
348398,1996348,0.18693725,966041148,1331
348399,2805444,0.15139146,27091179,1076
348400,1240332,0.06411654,2130953995,379
348401,1809844,0.12542151,1682869844,930
348402,399860,0.00272700,2428871207,38
348403,567648,0.04195422,3855168419,302
348404,1741856,0.10989913,2392489651,659
348405,1102268,0.07197279,1233457513,548
348406,2390448,0.16644383,2130135904,1125
348407,2453152,0.17242531,2974597789,1160
348408,566004,0.04219791,3957290800,314
348409,820796,0.02885163,2999153447,282
348410,477676,0.03638951,992199841,256
348411,2996656,0.21072375,2737020796,1588
348412,2996896,0.11529612,2031174659,845
348413,407276,0.01888878,3283072226,185
348414,1536724,0.09179313,1275158900,709
348415,1100328,0.07074311,781758075,550
348416,921892,0.06458420,4010149337,424
348417,196060,0.01538196,326775851,86
348418,1844132,0.12823649,3885796884,971
348419,1674528,0.08872139,555377543,604
348420,144240,0.00806958,3318968965,71
348421,154904,0.01943283,1461156241,128
348422,1672168,0.09327882,3153333178,700
348423,1421408,0.11076877,944570825,643
348424,2003472,0.14172706,3893172417,940
348425,1060976,0.07478761,3572400628,538
348426,1396052,0.11357865,936230685,661
348427,3663644,0.26896940,1940373478,2069
348428,1084936,0.08083214,1476871252,594
348429,924468,0.04957569,2698080789,478
348430,2353384,0.15421597,1088561676,1069
348431,2996796,0.26879446,4061411744,2038
348432,3999840,0.86536657,3459472958,1779
348433,2353204,0.75801734,3156346191,1142
348434,1608648,0.10771396,3310144220,707
348435,2074660,0.12107696,3197922505,989
348436,2749172,0.19008529,2719221384,1343
348437,2694408,0.24825143,3027151971,1162
348438,666060,0.02864303,1277348449,246
348439,1573004,0.09224138,1581792472,755
348440,2616536,0.38764067,2884968686,1351
348441,1873396,0.12164418,2406376407,928
348442,524168,0.02850741,348118198,179
348443,833016,0.07272578,2861976918,480
348444,1777640,0.10512074,2863262678,858
348445,1414016,0.09954547,4050428229,711
348446,2004548,0.13416559,3632590713,1001
348447,2184404,0.15376484,3614748730,1095
348448,481064,0.02193403,527373034,235
348449,2890580,0.22225059,658240061,1495
348450,399716,0.01479853,1300715366,197
348451,1132688,0.07235339,2696924190,531
348452,2996864,0.25799616,3023640109,1966
348453,2343220,0.08633852,2003662023,615
348454,2192064,0.13270098,3801618081,1037
348455,2749348,0.21067726,3152181753,1476
348456,2996764,0.20923810,3539772026,1526
348457,2996812,0.24557834,1288960482,1796
348458,2996072,0.30491396,3806135956,1821
348459,995428,0.08091244,650537002,618
348460,2996688,0.18499059,2559436410,1022
348461,2152064,0.10504427,3065918543,968
348462,867116,0.05756649,3625711101,269
348463,2996852,0.22046536,2696704416,1470
348464,821064,0.06695217,2876047663,512
348465,2996612,0.22404663,3719791268,1567
348466,2996916,0.23195929,1110052009,1482
348467,2571652,0.16701453,3885146398,1098
348468,1395312,0.13731965,3732545281,894
348469,2996228,0.28178637,1471590921,2115
348470,2996120,0.23772093,579072492,1803
348471,992,0.00000000,389089619,1
348472,2996232,0.16896302,3627034138,1130
348473,2996776,0.18521007,809071840,1122
348474,2996328,0.26695366,1263717183,1262
348475,3396524,0.24682900,1968795752,1153
348476,2690864,0.09245925,3339155222,1028
348477,790036,0.04326403,326578382,299
348478,1221644,0.05862523,3864508661,412
348479,734856,0.04199112,751626094,333
348480,370300,0.01127183,388107910,66
348481,2989156,0.19848993,80901226,1084
348482,1551576,0.10635926,698298458,576
348483,2996344,0.14870980,4176071630,819
348484,3999296,0.31078461,1635471041,1962
348485,966420,0.01931722,3184716743,295
348486,2996372,0.21065966,1919169807,1518
348487,858384,0.05839662,1840738845,351
348488,399588,0.01888816,3460011056,184
348489,268588,0.00412933,2781509794,86
348490,557568,0.02744907,2404184642,276
348491,617424,0.03888088,611927176,215
348492,99420,0.00956250,2080653938,64
348493,2996732,0.26372930,1164567050,2001
348494,994516,0.07004502,3709654304,544
348495,1999108,0.07433256,1954446922,698
348496,924232,0.02129059,3578930409,169
348497,906900,0.04792165,643732596,326
348498,24128,0.00152569,2781087759,16
348499,649956,0.04199511,3715314515,341
348500,399320,0.00834635,1777306458,81
348501,2514596,0.16188410,2433504058,1106
348502,142420,0.00797824,4140445003,51
348503,2090224,0.13777765,385582123,972
348504,320336,0.03532212,3906855694,256
348505,1812652,0.09753321,455197730,803
348506,2165192,0.13259917,2445711321,1070
348507,1406044,0.08555286,2965223582,725
348508,399228,0.00667220,885946467,54
348509,2665968,0.16564630,2551723091,1282
348510,1784064,0.11730554,3259898586,941
348511,603612,0.03978878,687137808,322
348512,1040348,0.06467641,453229748,508
348513,1082364,0.06965374,753115444,456
348514,399788,0.01038802,190456144,126
348515,279892,0.00878442,1633145357,122
348516,152560,0.01064628,2875486483,73
348517,749868,0.04549071,2337633760,324
348518,765252,0.06092988,1791933289,417
348519,399628,0.00896574,3751132145,79
348520,1624012,0.11159005,3458271468,888
348521,2052976,0.13286909,3357042444,1041
348522,399860,0.01159143,242595542,105
348523,1507456,0.10270416,1628345923,729
348524,457056,0.02697875,2755691106,250
348525,1067104,0.09240814,226811719,596
348526,1181508,0.06608707,4096528131,416
348527,2505780,0.15517238,3686943369,1117
348528,80896,0.00376084,4150783597,48
348529,341996,0.02186381,873813720,181
348530,876100,0.05893145,4117376657,452
348531,794952,0.04324015,306576075,332
348532,2968952,0.23083626,2256648989,1558
348533,385932,0.02371193,2961752018,229
348534,96972,0.00824330,4044689077,68
348535,202128,0.01725071,3954868535,136
348536,768040,0.05250630,1556574213,398
348537,61500,0.00653810,1767330923,34
348538,2021616,0.13015147,1607488716,982
348539,97468,0.00572600,1992337144,60
348540,559772,0.03569816,1918639259,266
348541,1585108,0.10588254,960198993,884
348542,1345444,0.08374196,2231471657,601
348543,3976780,0.15743408,2214105677,1093
348544,1942680,0.05941140,2712455764,394
348545,186724,0.00482582,1542969063,72
348546,1996764,0.14573511,3871276694,1038
348547,395000,0.01510551,329150042,128
348548,462488,0.00625432,1624488833,112
348549,1120452,0.05194463,1963817637,368
348550,1004376,0.07754136,3961212192,555
348551,806828,0.04128452,907129516,228
348552,546412,0.08121859,3196356908,512
348553,2646952,0.15312403,3405361952,1024
348554,2996840,0.22576593,957799332,1551
348555,2518584,0.05291472,155186640,522
348556,1430816,0.09710297,4061212968,620
348557,467292,0.03169859,3322433219,240
348558,3843700,0.25399389,3153975157,1994
348559,2915844,0.10436180,2224737654,846
348560,456804,0.02848288,1552264129,195
348561,605116,0.01365359,1276329784,127
348562,873100,0.04583276,3841772032,289
348563,995752,0.16593371,426353217,493
348564,2834548,0.15826742,3432052806,948
348565,2623264,0.14109254,228601727,1055
348566,551444,0.06843456,1493556212,256
348567,2499464,0.27789145,1708128946,1016
348568,1180976,0.05405635,2581828632,533
348569,1285892,0.09481696,1351780361,419
348570,1983320,0.13995087,3613455831,627
348571,830696,0.04210343,1249703368,285
348572,3596716,0.37071772,3567974315,2644
348573,1996800,0.14800065,3005761188,926
348574,2996812,0.08365338,2706039160,734
348575,509344,0.02219381,154934656,195
348576,2548276,0.14404830,3965825951,886
348577,1996080,0.17612573,590086069,1483
348578,1996652,0.09895437,2567638639,539
348579,2996672,0.31612208,2235036451,1597
348580,1699068,0.05151882,3891343227,461
348581,1766656,0.12877779,3918302419,843
348582,2996568,0.21803745,1397338535,1429
348583,421732,0.03201513,3988052858,256
348584,1434540,0.08469419,2294489887,693
348585,413056,0.04158112,2610224816,256
348586,1996548,0.12059667,469406844,770
348587,2996828,0.21952680,531113002,1393
348588,2996464,0.14833841,1826685056,901
348589,250648,0.00643634,3509021024,84
348590,719684,0.02177923,3062304568,433
348591,1796168,0.10032006,2945543904,700
348592,1316332,0.09226956,3296236801,640
348593,2023580,0.14932755,48321879,999
348594,1493260,0.09946085,1378533568,688
348595,832,0.00000000,111697965,1
348596,1461424,0.08657586,2325444958,564
348597,1996288,0.15856771,2447609940,959
348598,1504140,0.07882674,2174300479,625
348599,2578564,0.17405548,570804168,1336
348600,1467896,0.09458647,2146227562,732
348601,399560,0.00531775,713918877,66
348602,909272,0.06187504,2898740103,531
348603,3320720,0.24469355,1389123453,1814
348604,2295680,0.15655368,4199058669,1109
348605,3988400,0.30980486,4175501395,2214
348606,2052460,0.11846959,652621958,814
348607,1408432,0.02691945,2388174180,498
348608,1433652,0.09146998,4047826274,716
348609,254012,0.01087272,514042517,133
348610,958476,0.06288098,3993582791,471
348611,1995120,0.12747184,4095354756,956
348612,1419564,0.10100539,1624960345,696
348613,562156,0.03647164,4089974068,316
348614,767028,0.05805859,2763213277,425
348615,2996096,0.22392861,1668362648,1399
348616,2996836,0.18700725,2166334856,1310
348617,865984,0.03334342,2784011943,430
348618,399852,0.01994610,1657586915,173
348619,399328,0.02926794,16556127,225
348620,599080,0.02925495,3409021565,301
348621,1422688,0.09929088,495653878,709
348622,840,0.00000000,3037414887,1
348623,1002056,0.05610001,3955086969,449
348624,1721308,0.10986635,2436893801,850
348625,307196,0.01922491,3342756113,120
348626,174876,0.01055314,1258328632,84
348627,1996436,0.13854182,290484862,945
348628,3999696,0.31827147,2421741166,2129
348629,196484,0.04039660,2701209813,212
348630,3595244,0.26385588,3143457677,1839
348631,2658864,0.09751971,2359167916,831
348632,1624280,0.10673049,1531637720,697
348633,1615824,0.07309200,3774324654,430
348634,3616100,0.24046934,1947522612,1621
348635,3999800,0.17860586,502995790,835
348636,1020,0.00000000,1303910805,1
348637,2320140,0.13273949,1524115333,878
348638,547520,0.03536636,3724307882,264
348639,425732,0.02545959,1797602378,210
348640,1815028,0.13635131,2888136083,1031
348641,1258368,0.06922012,2768442717,560
348642,1996248,0.22478605,1624868931,1376
348643,2996572,0.15588182,2117907132,1232
348644,1607488,0.10365562,463182148,807
348645,1668832,0.09953034,2344526061,809
348646,1156712,0.09524621,4132158041,644
348647,1996664,0.18928764,2497022853,1413
348648,2996728,0.15392967,2540974434,1079
348649,1236688,0.02990821,2598128554,406
348650,647956,0.03735791,3771080468,306
348651,1226520,0.06934771,4193848893,474
348652,1385140,0.08587865,239623884,630
348653,2682884,0.18524715,1061633447,1329
348654,293464,0.01707696,148060607,155
348655,509572,0.03280134,3224131330,256
348656,453208,0.02384469,3712901437,165
348657,195936,0.01529179,3123773079,122
348658,74316,0.00773856,265578368,64
348659,1879240,0.08599633,3941282469,713
348660,133348,0.01136459,1161271750,62
348661,1335340,0.09002733,160807741,561
348662,1836664,0.11789839,2870133076,938
348663,402108,0.02605257,2708188613,188
348664,1251732,0.06443173,2813761331,428
348665,444640,0.03013657,3527053961,207
348666,200028,0.00673375,878582821,65
348667,1900668,0.11837264,2231991716,918
348668,1925676,0.10863549,2562090398,826
348669,1095856,0.15041229,91015698,1024
348670,2996408,0.15764791,1480571221,1077
348671,589052,0.08756320,3058328786,512
348672,2059336,0.07812152,864313581,680
348673,624528,0.03024477,556677376,258
348674,2708096,0.14940069,1116082821,1041
348675,1347104,0.07976547,3356845926,665
348676,206948,0.01049783,1514107902,110
348677,1173248,0.06394223,2957851965,400
348678,755436,0.04318345,2913442724,313
348679,802392,0.05691234,4087910376,371
348680,88368,0.00463478,3251229397,45
348681,1495128,0.09465230,3179896884,741
348682,896576,0.05114605,2088984165,463
348683,1724348,0.09982854,3333711526,769
348684,399356,0.01404819,2401981705,143
348685,1506512,0.07012375,1106031737,534
348686,1240440,0.06740737,402920354,526
348687,1050512,0.06132527,3952333986,453
348688,1083580,0.07119519,2872303841,510
348689,765656,0.04996736,2121908304,384
348690,2271840,0.15455426,775852904,1065
348691,2134028,0.14009107,3138331281,995
348692,1442932,0.10332522,1618167879,554
348693,379184,0.03168405,2716424422,256
348694,1996720,0.07214995,3173771170,561
348695,2996556,0.19948855,2979837273,1406
348696,1344884,0.07490736,8561146,653
348697,714908,0.04136177,107202030,313
348698,551872,0.02956158,2551841283,187
348699,917104,0.05458528,2538847634,339
348700,463960,0.03912310,4106371491,256
348701,2996812,0.22917711,3077910811,1614
348702,1466028,0.06313172,2938463773,692
348703,2538048,0.15259231,2913507392,1019
348704,449316,0.01087080,985414486,79
348705,2996412,0.18076399,492952081,1215
348706,3049052,0.08033297,1391574409,171
348707,46552,0.00180894,2824913504,32
348708,1606232,0.05737407,1752320592,241
348709,1129120,0.04991590,501879457,273
348710,1923200,0.08408884,3614251308,415
348711,1395832,0.13577189,316735175,1054
348712,2937232,0.10285090,2781076982,512
348713,3593424,0.25796438,1075494266,1629
348714,2996608,0.13978465,2954447524,791
348715,368704,0.02228680,1713757111,142
348716,641644,0.01690922,3713353329,247
348717,1570892,0.10669049,2502893380,683
348718,2184768,0.14181379,3337028159,826
348719,1803356,0.14912962,1303875042,899
348720,1039056,0.13182912,1991506654,643
348721,2217204,0.07254724,307682648,482
348722,65980,0.00863848,3313610403,43
348723,1433316,0.07926901,4110233486,324
348724,2996472,0.20883254,2779268318,1281
348725,2747728,0.10672849,1932351924,646
348726,882680,0.05089614,506722008,403
348727,2673428,0.15988450,500042947,1095
348728,1116672,0.05136331,2982138222,338
348729,3988396,0.25624895,166406276,1737
348730,2996864,0.14375164,4164253611,832
348731,1999820,0.09364616,3233810601,971
348732,2996632,0.28287538,2617395352,1885
348733,2996792,0.11013673,2132132563,607
348734,2996792,0.17450550,2385208027,1083
348735,2360744,0.11204374,1303875698,755
348736,365632,0.03194024,6199313,256
348737,937524,0.04442380,794411819,264
348738,2580200,0.21543839,751881778,1121
348739,1299728,0.07292823,1681562696,566
348740,1996568,0.17221124,3816272898,1324
348741,638924,0.02559365,3106236592,128
348742,1214084,0.05004105,3424096258,246
348743,2996868,0.07603604,3638536515,633
348744,2929696,0.04758623,2416016563,312
348745,3239756,0.02808976,3635318984,182
348746,1782264,0.13249549,2358643856,862
348747,2323524,0.14608609,2936567752,1195
348748,408340,0.02336701,202863280,210
348749,399864,0.02224457,1481352206,180
348750,1396344,0.10794598,3574873883,812
348751,1370952,0.07228499,1710280802,581
348752,1502168,0.11912579,3352207943,757
348753,947216,0.07212911,413188518,497
348754,549108,0.03521979,2166160832,322
348755,2425456,0.19084966,4214199088,1163
348756,832,0.00000000,3471003440,1
348757,399732,0.01474167,4108605956,103
348758,1117468,0.14901070,3880981071,1024
348759,3999676,0.20887889,2610803565,1567
348760,2349592,0.10715756,9080880,921
348761,1208116,0.09624977,277299650,595
348762,1997544,0.11963992,2056622083,932
348763,358584,0.02490161,3126936725,192
348764,1035252,0.06614100,1864534111,528
348765,355184,0.01912194,2111745293,133
348766,1180900,0.07202489,2623202201,545
348767,2032844,0.12772314,3083557106,884
number,weight,fee_reward_btc,nonce,total_transactions
